limatytar@mailinator.com,"Ursa Weber",Pa$$w0rd!
xicig@mailinator.com,"September Todd",Pa$$w0rd!
xyvawiwug@mailinator.com,"Sara Cotton",Pa$$w0rd!
jijy@mailinator.com,"Quentin Hobbs",Pa$$w0rd!
caiordm08@gmail.com,Caio,asssssssss
nocehace@mailinator.com,"Flavia Benjamin",Pa$$w0rd!
zezaba@mailinator.com,"Aimee Donovan",Pa$$w0rd!
xisawoga@mailinator.com,"Hanna Conway",Pa$$w0rd!
saleq@mailinator.com,"Charity Hanson",Pa$$w0rd!
gasyrapo@mailinator.com,"Nehru Boyle",Pa$$w0rd!
pybinuvyho@mailinator.com,"Justina Sharp",Pa$$w0rd!
caio@gmail.com,Caio,1234fawotab@mailinator.com,"Anastasia Casey",Pa$$w0rd!
teste@email.com,Teste,teste
